# DRAFT. Columns: model_id, name, family, year, chip, verdict (yes = offline MaiK allowed), id_verified, chip_verified.
# id_verified is "no" on every row: Apple's identify pages (support.apple.com/en-us/108044, /108043) list marketing names and
# A-numbers, not "iPhone16,1"-style identifiers. Chips were read from apple.com/iphone/compare and apple.com/ipad/compare.
# Before shipping, confirm every identifier on a real device or simulator (Capacitor Device.getInfo().model) and re-check chips
# on each model's Apple tech specs page. Rows with model_id "unknown" are matched by nothing and fall to "unknown, offer online".
model_id	name	family	year	chip	verdict	id_verified	chip_verified
iPhone13,1	iPhone 12 mini	iPhone	2020	A14 Bionic	no	no	yes
iPhone13,2	iPhone 12	iPhone	2020	A14 Bionic	no	no	yes
iPhone13,3	iPhone 12 Pro	iPhone	2020	A14 Bionic	no	no	yes
iPhone13,4	iPhone 12 Pro Max	iPhone	2020	A14 Bionic	no	no	yes
iPhone14,4	iPhone 13 mini	iPhone	2021	A15 Bionic	no	no	yes
iPhone14,5	iPhone 13	iPhone	2021	A15 Bionic	no	no	yes
iPhone14,2	iPhone 13 Pro	iPhone	2021	A15 Bionic	no	no	yes
iPhone14,3	iPhone 13 Pro Max	iPhone	2021	A15 Bionic	no	no	yes
iPhone14,7	iPhone 14	iPhone	2022	A15 Bionic	no	no	yes
iPhone14,8	iPhone 14 Plus	iPhone	2022	A15 Bionic	no	no	yes
iPhone15,2	iPhone 14 Pro	iPhone	2022	A16 Bionic	no	no	yes
iPhone15,3	iPhone 14 Pro Max	iPhone	2022	A16 Bionic	no	no	yes
iPhone15,4	iPhone 15	iPhone	2023	A16 Bionic	no	no	yes
iPhone15,5	iPhone 15 Plus	iPhone	2023	A16 Bionic	no	no	yes
iPhone16,1	iPhone 15 Pro	iPhone	2023	A17 Pro	yes	no	yes
iPhone16,2	iPhone 15 Pro Max	iPhone	2023	A17 Pro	yes	no	yes
iPhone17,3	iPhone 16	iPhone	2024	A18	yes	no	yes
iPhone17,4	iPhone 16 Plus	iPhone	2024	A18	yes	no	yes
iPhone17,1	iPhone 16 Pro	iPhone	2024	A18 Pro	yes	no	yes
iPhone17,2	iPhone 16 Pro Max	iPhone	2024	A18 Pro	yes	no	yes
iPhone17,5	iPhone 16e	iPhone	2025	A18	yes	no	yes
iPhone18,4	iPhone Air	iPhone	2025	A19 Pro	yes	no	yes
iPhone18,3	iPhone 17	iPhone	2025	A19	yes	no	yes
iPhone18,1	iPhone 17 Pro	iPhone	2025	A19 Pro	yes	no	yes
iPhone18,2	iPhone 17 Pro Max	iPhone	2025	A19 Pro	yes	no	yes
unknown	iPhone 17e	iPhone	2026	A19	yes	no	yes
unknown	iPhone 18 Pro	iPhone	2026	A20 Pro	yes	no	yes
unknown	iPhone 18 Pro Max	iPhone	2026	A20 Pro	yes	no	yes
iPad11,6	iPad (8th generation)	iPad	2020	A12 Bionic	no	no	yes
iPad12,1	iPad (9th generation)	iPad	2021	A13 Bionic	no	no	yes
iPad13,18	iPad (10th generation)	iPad	2022	A14 Bionic	no	no	yes
unknown	iPad (A16)	iPad	2025	A16	no	no	yes
iPad13,1	iPad Air (4th generation)	iPad	2020	A14 Bionic	no	no	yes
iPad13,16	iPad Air (5th generation)	iPad	2022	M1	yes	no	yes
iPad14,8	iPad Air 11-inch (M2)	iPad	2024	M2	yes	no	yes
iPad14,10	iPad Air 13-inch (M2)	iPad	2024	M2	yes	no	yes
iPad15,3	iPad Air 11-inch (M3)	iPad	2025	M3	yes	no	yes
iPad15,5	iPad Air 13-inch (M3)	iPad	2025	M3	yes	no	yes
unknown	iPad Air 11-inch (M4)	iPad	2026	M4	yes	no	yes
unknown	iPad Air 13-inch (M4)	iPad	2026	M4	yes	no	yes
iPad14,1	iPad mini (6th generation)	iPad	2021	A15 Bionic	no	no	yes
iPad16,1	iPad mini (A17 Pro)	iPad	2024	A17 Pro	yes	no	yes
iPad8,9	iPad Pro 11-inch (2nd generation)	iPad	2020	A12Z Bionic	no	no	yes
iPad8,11	iPad Pro 12.9-inch (4th generation)	iPad	2020	A12Z Bionic	no	no	yes
iPad13,4	iPad Pro 11-inch (3rd generation)	iPad	2021	M1	yes	no	yes
iPad13,8	iPad Pro 12.9-inch (5th generation)	iPad	2021	M1	yes	no	yes
iPad14,3	iPad Pro 11-inch (4th generation)	iPad	2022	M2	yes	no	yes
iPad14,5	iPad Pro 12.9-inch (6th generation)	iPad	2022	M2	yes	no	yes
iPad16,3	iPad Pro 11-inch (M4)	iPad	2024	M4	yes	no	yes
iPad16,5	iPad Pro 13-inch (M4)	iPad	2024	M4	yes	no	yes
unknown	iPad Pro 11-inch (M5)	iPad	2025	M5	yes	no	yes
unknown	iPad Pro 13-inch (M5)	iPad	2025	M5	yes	no	yes
